{
  "project_info": {
    "project_number": "1072930967813",
    "firebase_url": "https://bedonor-b1265-default-rtdb.firebaseio.com",
    "project_id": "bedonor-b1265",
    "storage_bucket": "bedonor-b1265.appspot.com"
  },
  "client": [
    {
      "client_info": {
        "mobilesdk_app_id": "1:1072930967813:android:d1f5b92cf5be5012db276c",
        "android_client_info": {
          "package_name": "com.waqar.BeDonor"
        }
      },
      "oauth_client": [
        {
          "client_id": "1072930967813-62rle4borivh4um92gr8ipm1m5bdq687.apps.googleusercontent.com",
          "client_type": 1,
          "android_info": {
            "package_name": "com.waqar.BeDonor",
            "certificate_hash": "4014a4d60905b03861ed0defe5666f67ce041e2f"
          }
        },
        {
          "client_id": "1072930967813-hoq4ur8l9afg6inbenaa89puctmtqdrq.apps.googleusercontent.com",
          "client_type": 3
        }
      ],
      "api_key": [
        {
          "current_key": "AIzaSyBiPjqfD9RaXkqEdvwGXqQfOvN79AazfWo"
        }
      ],
      "services": {
        "appinvite_service": {
          "other_platform_oauth_client": [
            {
              "client_id": "1072930967813-hoq4ur8l9afg6inbenaa89puctmtqdrq.apps.googleusercontent.com",
              "client_type": 3
            }
          ]
        }
      }
    }
  ],
  "configuration_version": "1"
}